{
  "meta": {
    "project": "E281/G281",
    "source": "吉利E281定点核算.xlsx",
    "extractedAt": "2026-04-03",
    "version": "fixed",
    "note": "定点版数据 — 用于核算引擎验证"
  },
  "rateConfig": {
    "customer": {
      "laborRate": 35,
      "mfgRate": 46.69,
      "wasteRate": 0.01,
      "mgmtRate": 0.06,
      "mgmtBase": "material + labor + mfg (不含废品)",
      "profitRate": 0.056627,
      "profitBase": "material + waste + labor + mfg + mgmt (含废品)",
      "note": "客户报价费率 (对外) — 经Excel逐行验证"
    },
    "internal": {
      "laborRate": 29.19,
      "mfgRateItems": {
        "indirectLabor": 6.88,
        "consumables": 0.95,
        "machineConsumption": 0.68,
        "factoryAmortization": 5.26,
        "warehouseAmortization": 1.72,
        "otherMfg": 4.25
      },
      "mfgRateTotal": 19.74,
      "wasteRate": 0.005,
      "note": "内部运营费率 (昆山K1K2)"
    },
    "geelyTemplate": {
      "mgmtRate": 0.04,
      "financeRate": 0.04,
      "salesRate": 0.04,
      "profitRate": 0.04,
      "wasteRate": 0.009,
      "note": "吉利总报价模板费率 (A1+A2+B1+B2 base)"
    }
  },
  "harnesses": [
    {
      "harnessId": "6608491523",
      "name": "直流母线总成",
      "family": "直流母线",
      "vehicleRatio": 0.525,
      "copperWeight": 0.022561,
      "aluminumWeight": 0.2394392,
      "materialCost": 88.065204722,
      "wasteCost": 0.88065204722,
      "processHours": 0.374029065686274,
      "directLabor": 13.0910172990196,
      "manufacturing": 17.4634170768921,
      "laborPlusMfg": 30.5544343759117,
      "mgmtFee": 7.1171783458747,
      "profit": 7.1700174687079,
      "exFactoryPrice": 133.787486959714,
      "packaging": {
        "innerPack": 1.94245,
        "outerPack": 0.35,
        "freight": 0,
        "excessFreight": 0,
        "shortHaul": 0.333333333333333,
        "thirdPartyWarehouse": 1.5,
        "storage": 0.35,
        "packSubtotal": 2.29245,
        "freightSubtotal": 2.18333333333333,
        "total": 4.47578333333333
      },
      "deliveredPrice": 138.263270293048
    },
    {
      "harnessId": "6608491524",
      "name": "直流母线总成",
      "family": "直流母线",
      "vehicleRatio": 0.105,
      "copperWeight": 0.0200705,
      "aluminumWeight": 0.2130076,
      "materialCost": 87.782613941,
      "wasteCost": 0.87782613941,
      "processHours": 0.373362399019608,
      "directLabor": 13.0676839656863,
      "manufacturing": 17.4322904102255,
      "laborPlusMfg": 30.4999743759118,
      "mgmtFee": 7.09695529901471,
      "profit": 7.14962486737931,
      "exFactoryPrice": 133.406994622716,
      "packaging": {
        "innerPack": 1.94245,
        "outerPack": 0.35,
        "freight": 0,
        "excessFreight": 0,
        "shortHaul": 0.333333333333333,
        "thirdPartyWarehouse": 1.5,
        "storage": 0.35,
        "packSubtotal": 2.29245,
        "freightSubtotal": 2.18333333333333,
        "total": 4.47578333333333
      },
      "deliveredPrice": 137.882777956049
    },
    {
      "harnessId": "6608442962",
      "name": "直流母线总成",
      "family": "直流母线",
      "vehicleRatio": 0.07,
      "copperWeight": 0.027835,
      "aluminumWeight": 0.295412,
      "materialCost": 97.51096167,
      "wasteCost": 0.9751096167,
      "processHours": 0.393007332352941,
      "directLabor": 13.7552566323529,
      "manufacturing": 18.3495123475588,
      "laborPlusMfg": 32.1047689799118,
      "mgmtFee": 7.77694383899471,
      "profit": 7.83545041599671,
      "exFactoryPrice": 146.203234521603,
      "packaging": {
        "innerPack": 1.94245,
        "outerPack": 0.35,
        "freight": 0,
        "excessFreight": 0,
        "shortHaul": 0.333333333333333,
        "thirdPartyWarehouse": 1.5,
        "storage": 0.35,
        "packSubtotal": 2.29245,
        "freightSubtotal": 2.18333333333333,
        "total": 4.47578333333333
      },
      "deliveredPrice": 150.679017854937
    },
    {
      "harnessId": "6608544875",
      "name": "前驱直流母线总成",
      "family": "直流母线",
      "vehicleRatio": 0.105,
      "copperWeight": 0.03516,
      "aluminumWeight": 0.373152,
      "materialCost": 110.50729632,
      "wasteCost": 1.1050729632,
      "processHours": 0.402048439705882,
      "directLabor": 14.0716953897059,
      "manufacturing": 18.7716416498676,
      "laborPlusMfg": 32.8433370395735,
      "mgmtFee": 8.60103800157441,
      "profit": 8.66734237936641,
      "exFactoryPrice": 161.724086703714,
      "packaging": {
        "innerPack": 1.94245,
        "outerPack": 0.35,
        "freight": 0,
        "excessFreight": 0,
        "shortHaul": 0.333333333333333,
        "thirdPartyWarehouse": 1.5,
        "storage": 0.35,
        "packSubtotal": 2.29245,
        "freightSubtotal": 2.18333333333333,
        "total": 4.47578333333333
      },
      "deliveredPrice": 166.199870037048
    },
    {
      "harnessId": "6608442964",
      "name": "电动压缩机线束总成",
      "family": "电动压缩机",
      "vehicleRatio": 0.595,
      "copperWeight": 0.007185,
      "aluminumWeight": 0.02646,
      "materialCost": 42.23497185,
      "wasteCost": 0.4223497185,
      "processHours": 0.247108900326797,
      "directLabor": 8.64881151143789,
      "manufacturing": 11.5375145562582,
      "laborPlusMfg": 20.186326067696,
      "mgmtFee": 3.74527787506176,
      "profit": 3.77061885817176,
      "exFactoryPrice": 70.3595443694295,
      "packaging": {
        "innerPack": 0.3940068,
        "outerPack": 0.14,
        "freight": 0,
        "excessFreight": 0,
        "shortHaul": 0,
        "thirdPartyWarehouse": 1.5,
        "storage": 0.14,
        "packSubtotal": 0.5340068,
        "freightSubtotal": 1.64,
        "total": 2.1740068
      },
      "deliveredPrice": 72.5335511694295
    },
    {
      "harnessId": "6608519100",
      "name": "电动压缩机线束总成",
      "family": "电动压缩机",
      "vehicleRatio": 0.105,
      "copperWeight": 0.0094842,
      "aluminumWeight": 0.0349272,
      "materialCost": 49.324522842,
      "wasteCost": 0.49324522842,
      "processHours": 0.255069583660131,
      "directLabor": 8.92743542810459,
      "manufacturing": 11.9091988610915,
      "laborPlusMfg": 20.8366342891961,
      "mgmtFee": 4.20966942787177,
      "profit": 4.23926414157697,
      "exFactoryPrice": 79.1033359290648,
      "packaging": {
        "innerPack": 0.3940068,
        "outerPack": 0.14,
        "freight": 0,
        "excessFreight": 0,
        "shortHaul": 0,
        "thirdPartyWarehouse": 1.5,
        "storage": 0.14,
        "packSubtotal": 0.5340068,
        "freightSubtotal": 1.64,
        "total": 2.1740068
      },
      "deliveredPrice": 81.2773427290648
    },
    {
      "harnessId": "6608442963",
      "name": "电动压缩机线束总成",
      "family": "电动压缩机",
      "vehicleRatio": 0.03,
      "copperWeight": 0.010538,
      "aluminumWeight": 0.038808,
      "materialCost": 84.97742538,
      "wasteCost": 0.8497742538,
      "processHours": 0.524830425163399,
      "directLabor": 18.369064880719,
      "manufacturing": 24.5043325508791,
      "laborPlusMfg": 42.8733974315981,
      "mgmtFee": 7.67104936869588,
      "profit": 7.72203582392388,
      "exFactoryPrice": 144.093682258018,
      "packaging": {
        "innerPack": 0.5225085,
        "outerPack": 0.175,
        "freight": 0,
        "excessFreight": 0,
        "shortHaul": 0,
        "thirdPartyWarehouse": 1.5,
        "storage": 0.175,
        "packSubtotal": 0.6975085,
        "freightSubtotal": 1.675,
        "total": 2.3725085
      },
      "deliveredPrice": 146.466190758018
    },
    {
      "harnessId": "6608516992",
      "name": "电动压缩机线束总成",
      "family": "电动压缩机",
      "vehicleRatio": 0.225,
      "copperWeight": 0.0110649,
      "aluminumWeight": 0.0407484,
      "materialCost": 81.256076649,
      "wasteCost": 0.81256076649,
      "processHours": 0.52461653627451,
      "directLabor": 18.3615787696078,
      "manufacturing": 24.4943460786569,
      "laborPlusMfg": 42.8559248482647,
      "mgmtFee": 7.44672008983588,
      "profit": 7.49547373582528,
      "exFactoryPrice": 139.866756089416,